SENARYO,VERSION,TRETE,KUR,ACENTE_NO,BRANS_KODU,SEGMENT,TARIFE,YIL,TARIH,HEDEF,DATA_KAYNAK,KAYNAK_KODU,SUBE_KOD,LOB,ACENTE_ADI,TRAFIK_HAVUZ,YENI_YENILEME
,,,,8483,516,PERSONAL LINES,K60,2024,31.01.2024,"10768,36",Acente-Bireysel,9,1,Motor 3rd Party Liability,,,Yeni
,,,,8483,501,MIDDLE MARKET,Y62,2024,31.01.2024,"0,00",Acente-Bireysel,9,1,Property,,,Yeni
,,,,8483,998,SMALL BUSINESS,Y70,2024,31.01.2024,"51790,01",Acente-Bireysel,9,1,Property,,,Yeni
,,,,8483,526,SMALL BUSINESS,Z02,2024,31.01.2024,"1368,63",Acente-Bireysel,9,1,Liability - Primary Products,,,Yeni
,,,,8483,502,SMALL BUSINESS,Y70,2024,31.01.2024,"3677091,04",Acente-Bireysel,9,1,Property,,,Yeni
,,,,8483,592,MIDDLE MARKET,D42,2024,31.01.2024,"5474,51",Acente-Bireysel,9,1,Liability - Primary Products,,,Yeni
,,,,8483,510,SMALL BUSINESS,N21,2024,31.01.2024,"0,00",Acente-Bireysel,9,1,Marine Aviation & Transport,,,Yeni
,,,,8483,523,SMALL BUSINESS,Y70,2024,31.01.2024,"51790,01",Acente-Bireysel,9,1,Property,,,Yeni
,,,,8483,501,MIDDLE MARKET,Y15,2024,31.01.2024,"684,31",Acente-Bireysel,9,1,Property,,,Yeni
,,,,8483,568,SMALL BUSINESS,M02,2024,31.01.2024,"1368,63",Acente-Bireysel,9,1,Property Engineering Lines,,,Yeni
,,,,8483,521,SMALL BUSINESS,Y70,2024,31.01.2024,"51790,01",Acente-Bireysel,9,1,Liability - Primary Products,,,Yeni
,,,,8483,510,PERSONAL LINES,N21,2024,31.01.2024,"0,00",Acente-Bireysel,9,1,Marine Aviation & Transport,,,Yeni
,,,,8483,501,SMALL BUSINESS,Y70,2024,31.01.2024,"880430,25",Acente-Bireysel,9,1,Property,,,Yeni
,,,,8483,588,MIDDLE MARKET,F16,2024,31.01.2024,"684,31",Acente-Bireysel,9,1,Directors And Officers (incl. PTL/ EPL),,,Yeni
,,,,8483,520,SMALL BUSINESS,Y70,2024,31.01.2024,"51790,01",Acente-Bireysel,9,1,Property,,,Yeni
,,,,8483,520,MIDDLE MARKET,D41,2024,31.01.2024,"2052,94",Acente-Bireysel,9,1,Property,,,Yeni
,,,,8483,538,MIDDLE MARKET,F17,2024,31.01.2024,"9580,40",Acente-Bireysel,9,1,Professional Indemnity,,,Yeni
,,,,8483,568,SMALL BUSINESS,Y70,2024,31.01.2024,"103580,03",Acente-Bireysel,9,1,Property Engineering Lines,,,Yeni
,,,,8483,524,MIDDLE MARKET,Y62,2024,31.01.2024,"0,00",Acente-Bireysel,9,1,Property,,,Yeni
,,,,8483,510,MIDDLE MARKET,N21,2024,31.01.2024,"0,00",Acente-Bireysel,9,1,Marine Aviation & Transport,,,Yeni
,,,,8483,565,SMALL BUSINESS,Y70,2024,31.01.2024,"103580,03",Acente-Bireysel,9,1,Property,,,Yeni
,,,,8483,571,SMALL BUSINESS,Y70,2024,31.01.2024,"103580,03",Acente-Bireysel,9,1,Property Engineering Lines,,,Yeni
,,,,8483,521,MIDDLE MARKET,D42,2024,31.01.2024,"1368,63",Acente-Bireysel,9,1,Liability - Primary Products,,,Yeni
,,,,8483,560,SMALL BUSINESS,Y70,2024,31.01.2024,"51790,01",Acente-Bireysel,9,1,Legal Expenses,,,Yeni
,,,,8483,501,PERSONAL LINES,Y58,2024,31.01.2024,"0,00",Acente-Bireysel,9,1,Property,,,Yeni
,,,,8483,571,MIDDLE MARKET,M02,2024,31.01.2024,"1368,63",Acente-Bireysel,9,1,Property Engineering Lines,,,Yeni
,,,,8483,524,SMALL BUSINESS,Y70,2024,31.01.2024,"51790,01",Acente-Bireysel,9,1,Property,,,Yeni
,,,,8483,517,PERSONAL LINES,K60,2024,31.01.2024,"554390,21",Acente-Bireysel,9,1,Motor All Others,,,Yenileme
,,,,8483,570,MIDDLE MARKET,M01,2024,31.01.2024,"1368,63",Acente-Bireysel,9,1,Property Engineering Lines,,,Yeni
,,,,8483,572,MIDDLE MARKET,M04,2024,31.01.2024,"9580,40",Acente-Bireysel,9,1,Property Engineering Lines,,,Yeni
,,,,8483,565,MIDDLE MARKET,M04,2024,31.01.2024,"32847,09",Acente-Bireysel,9,1,Property,,,Yeni
,,,,8483,517,PERSONAL LINES,K60,2024,31.01.2024,"96915,22",Acente-Bireysel,9,1,Motor All Others,,,Yeni
,,,,8483,516,PERSONAL LINES,K60,2024,31.01.2024,"61598,91",Acente-Bireysel,9,1,Motor 3rd Party Liability,,,Yenileme
,,,,8483,519,PERSONAL LINES,CF4,2024,31.01.2024,"684,31",Acente-Bireysel,9,1,Accident,,,Yeni
,,,,8483,990,PERSONAL LINES,DSK,2024,31.01.2024,"0,00",Acente-Bireysel,9,1,Property,,,Yeni
,,,,8483,502,MIDDLE MARKET,Y62,2024,31.01.2024,"0,00",Acente-Bireysel,9,1,Property,,,Yeni
,,,,8483,523,SMALL BUSINESS,Y70,2024,28.02.2024,"119,52",Acente-Bireysel,9,1,Property,,,Yeni
,,,,8483,560,SMALL BUSINESS,Y70,2024,28.02.2024,"119,52",Acente-Bireysel,9,1,Legal Expenses,,,Yeni
,,,,8483,516,PERSONAL LINES,K60,2024,28.02.2024,"40164,01",Acente-Bireysel,9,1,Motor 3rd Party Liability,,,Yenileme
,,,,8483,502,MIDDLE MARKET,Y62,2024,28.02.2024,"0,00",Acente-Bireysel,9,1,Property,,,Yeni
,,,,8483,502,SMALL BUSINESS,Y70,2024,28.02.2024,"8485,71",Acente-Bireysel,9,1,Property,,,Yeni
,,,,8483,568,SMALL BUSINESS,Y70,2024,28.02.2024,"239,03",Acente-Bireysel,9,1,Property Engineering Lines,,,Yeni
,,,,8483,517,PERSONAL LINES,K60,2024,28.02.2024,"101760,99",Acente-Bireysel,9,1,Motor All Others,,,Yeni
,,,,8483,524,MIDDLE MARKET,Y62,2024,28.02.2024,"0,00",Acente-Bireysel,9,1,Property,,,Yeni
,,,,8483,571,SMALL BUSINESS,Y70,2024,28.02.2024,"239,03",Acente-Bireysel,9,1,Property Engineering Lines,,,Yeni
,,,,8483,517,PERSONAL LINES,K60,2024,28.02.2024,"361476,06",Acente-Bireysel,9,1,Motor All Others,,,Yenileme
,,,,8483,501,SMALL BUSINESS,Y70,2024,28.02.2024,"2031,79",Acente-Bireysel,9,1,Property,,,Yeni
,,,,8483,520,SMALL BUSINESS,Y70,2024,28.02.2024,"119,52",Acente-Bireysel,9,1,Property,,,Yeni
,,,,8483,998,SMALL BUSINESS,Y70,2024,28.02.2024,"119,52",Acente-Bireysel,9,1,Property,,,Yeni
,,,,8483,516,PERSONAL LINES,K60,2024,28.02.2024,"11306,78",Acente-Bireysel,9,1,Motor 3rd Party Liability,,,Yeni
,,,,8483,524,SMALL BUSINESS,Y70,2024,28.02.2024,"119,52",Acente-Bireysel,9,1,Property,,,Yeni
,,,,8483,501,MIDDLE MARKET,Y62,2024,28.02.2024,"0,00",Acente-Bireysel,9,1,Property,,,Yeni
,,,,8483,565,SMALL BUSINESS,Y70,2024,28.02.2024,"239,03",Acente-Bireysel,9,1,Property,,,Yeni
,,,,8483,521,SMALL BUSINESS,Y70,2024,28.02.2024,"119,52",Acente-Bireysel,9,1,Liability - Primary Products,,,Yeni
,,,,8483,588,MIDDLE MARKET,F16,2024,29.02.2024,"384,04",Acente-Bireysel,9,1,Directors And Officers (incl. PTL/ EPL),,,Yeni
,,,,8483,520,MIDDLE MARKET,D41,2024,29.02.2024,"1152,12",Acente-Bireysel,9,1,Property,,,Yeni
,,,,8483,565,MIDDLE MARKET,M04,2024,29.02.2024,"18433,98",Acente-Bireysel,9,1,Property,,,Yeni
,,,,8483,572,MIDDLE MARKET,M04,2024,29.02.2024,"5376,58",Acente-Bireysel,9,1,Property Engineering Lines,,,Yeni
,,,,8483,510,PERSONAL LINES,N21,2024,29.02.2024,"0,00",Acente-Bireysel,9,1,Marine Aviation & Transport,,,Yeni
,,,,8483,570,MIDDLE MARKET,M01,2024,29.02.2024,"768,08",Acente-Bireysel,9,1,Property Engineering Lines,,,Yeni
,,,,8483,501,MIDDLE MARKET,Y15,2024,29.02.2024,"384,04",Acente-Bireysel,9,1,Property,,,Yeni
,,,,8483,592,MIDDLE MARKET,D42,2024,29.02.2024,"3072,33",Acente-Bireysel,9,1,Liability - Primary Products,,,Yeni
,,,,8483,519,PERSONAL LINES,CF4,2024,29.02.2024,"384,04",Acente-Bireysel,9,1,Accident,,,Yeni
,,,,8483,568,SMALL BUSINESS,M02,2024,29.02.2024,"768,08",Acente-Bireysel,9,1,Property Engineering Lines,,,Yeni
,,,,8483,521,MIDDLE MARKET,D42,2024,29.02.2024,"768,08",Acente-Bireysel,9,1,Liability - Primary Products,,,Yeni
,,,,8483,526,SMALL BUSINESS,Z02,2024,29.02.2024,"768,08",Acente-Bireysel,9,1,Liability - Primary Products,,,Yeni
,,,,8483,538,MIDDLE MARKET,F17,2024,29.02.2024,"5376,58",Acente-Bireysel,9,1,Professional Indemnity,,,Yeni
,,,,8483,510,SMALL BUSINESS,N21,2024,29.02.2024,"0,00",Acente-Bireysel,9,1,Marine Aviation & Transport,,,Yeni
,,,,8483,510,MIDDLE MARKET,N21,2024,29.02.2024,"0,00",Acente-Bireysel,9,1,Marine Aviation & Transport,,,Yeni
,,,,8483,501,PERSONAL LINES,Y58,2024,29.02.2024,"0,00",Acente-Bireysel,9,1,Property,,,Yeni
,,,,8483,990,PERSONAL LINES,DSK,2024,29.02.2024,"0,00",Acente-Bireysel,9,1,Property,,,Yeni
,,,,8483,571,MIDDLE MARKET,M02,2024,29.02.2024,"768,08",Acente-Bireysel,9,1,Property Engineering Lines,,,Yeni
,,,,8483,502,MIDDLE MARKET,Y62,2024,31.03.2024,"0,00",Acente-Bireysel,9,1,Property,,,Yeni
,,,,8483,517,PERSONAL LINES,K60,2024,31.03.2024,"396039,52",Acente-Bireysel,9,1,Motor All Others,,,Yenileme
,,,,8483,568,SMALL BUSINESS,M02,2024,31.03.2024,"392,39",Acente-Bireysel,9,1,Property Engineering Lines,,,Yeni
,,,,8483,510,PERSONAL LINES,N21,2024,31.03.2024,"0,00",Acente-Bireysel,9,1,Marine Aviation & Transport,,,Yeni
,,,,8483,524,SMALL BUSINESS,Y70,2024,31.03.2024,"0,00",Acente-Bireysel,9,1,Property,,,Yeni
,,,,8483,501,MIDDLE MARKET,Y15,2024,31.03.2024,"196,19",Acente-Bireysel,9,1,Property,,,Yeni
,,,,8483,510,MIDDLE MARKET,N21,2024,31.03.2024,"0,00",Acente-Bireysel,9,1,Marine Aviation & Transport,,,Yeni
,,,,8483,565,MIDDLE MARKET,M04,2024,31.03.2024,"9417,26",Acente-Bireysel,9,1,Property,,,Yeni
,,,,8483,568,SMALL BUSINESS,Y70,2024,31.03.2024,"0,00",Acente-Bireysel,9,1,Property Engineering Lines,,,Yeni
,,,,8483,565,SMALL BUSINESS,Y70,2024,31.03.2024,"0,00",Acente-Bireysel,9,1,Property,,,Yeni
,,,,8483,516,PERSONAL LINES,K60,2024,31.03.2024,"11872,12",Acente-Bireysel,9,1,Motor 3rd Party Liability,,,Yeni
,,,,8483,502,SMALL BUSINESS,Y70,2024,31.03.2024,"0,00",Acente-Bireysel,9,1,Property,,,Yeni
,,,,8483,571,MIDDLE MARKET,M02,2024,31.03.2024,"392,39",Acente-Bireysel,9,1,Property Engineering Lines,,,Yeni
,,,,8483,501,SMALL BUSINESS,Y70,2024,31.03.2024,"0,00",Acente-Bireysel,9,1,Property,,,Yeni
,,,,8483,521,SMALL BUSINESS,Y70,2024,31.03.2024,"0,00",Acente-Bireysel,9,1,Liability - Primary Products,,,Yeni
,,,,8483,517,PERSONAL LINES,K60,2024,31.03.2024,"106849,04",Acente-Bireysel,9,1,Motor All Others,,,Yeni
,,,,8483,516,PERSONAL LINES,K60,2024,31.03.2024,"44004,39",Acente-Bireysel,9,1,Motor 3rd Party Liability,,,Yenileme
,,,,8483,998,SMALL BUSINESS,Y70,2024,31.03.2024,"0,00",Acente-Bireysel,9,1,Property,,,Yeni
,,,,8483,570,MIDDLE MARKET,M01,2024,31.03.2024,"392,39",Acente-Bireysel,9,1,Property Engineering Lines,,,Yeni
,,,,8483,501,PERSONAL LINES,Y58,2024,31.03.2024,"7918,94",Acente-Bireysel,9,1,Property,,,Yeni
,,,,8483,526,SMALL BUSINESS,Z02,2024,31.03.2024,"392,39",Acente-Bireysel,9,1,Liability - Primary Products,,,Yeni
,,,,8483,520,SMALL BUSINESS,Y70,2024,31.03.2024,"0,00",Acente-Bireysel,9,1,Property,,,Yeni
,,,,8483,572,MIDDLE MARKET,M04,2024,31.03.2024,"2746,70",Acente-Bireysel,9,1,Property Engineering Lines,,,Yeni
,,,,8483,571,SMALL BUSINESS,Y70,2024,31.03.2024,"0,00",Acente-Bireysel,9,1,Property Engineering Lines,,,Yeni
,,,,8483,538,MIDDLE MARKET,F17,2024,31.03.2024,"2746,70",Acente-Bireysel,9,1,Professional Indemnity,,,Yeni
,,,,8483,588,MIDDLE MARKET,F16,2024,31.03.2024,"196,19",Acente-Bireysel,9,1,Directors And Officers (incl. PTL/ EPL),,,Yeni
,,,,8483,520,MIDDLE MARKET,D41,2024,31.03.2024,"588,58",Acente-Bireysel,9,1,Property,,,Yeni
,,,,8483,560,SMALL BUSINESS,Y70,2024,31.03.2024,"0,00",Acente-Bireysel,9,1,Legal Expenses,,,Yeni
,,,,8483,524,MIDDLE MARKET,Y62,2024,31.03.2024,"0,00",Acente-Bireysel,9,1,Property,,,Yeni
,,,,8483,523,SMALL BUSINESS,Y70,2024,31.03.2024,"0,00",Acente-Bireysel,9,1,Property,,,Yeni
,,,,8483,510,SMALL BUSINESS,N21,2024,31.03.2024,"0,00",Acente-Bireysel,9,1,Marine Aviation & Transport,,,Yeni
,,,,8483,592,MIDDLE MARKET,D42,2024,31.03.2024,"1569,54",Acente-Bireysel,9,1,Liability - Primary Products,,,Yeni
,,,,8483,521,MIDDLE MARKET,D42,2024,31.03.2024,"392,39",Acente-Bireysel,9,1,Liability - Primary Products,,,Yeni
,,,,8483,990,PERSONAL LINES,DSK,2024,31.03.2024,"0,00",Acente-Bireysel,9,1,Property,,,Yeni
,,,,8483,519,PERSONAL LINES,CF4,2024,31.03.2024,"196,19",Acente-Bireysel,9,1,Accident,,,Yeni
,,,,8483,501,MIDDLE MARKET,Y62,2024,31.03.2024,"0,00",Acente-Bireysel,9,1,Property,,,Yeni
,,,,8483,517,PERSONAL LINES,K60,2024,30.04.2024,"302821,46",Acente-Bireysel,9,1,Motor All Others,,,Yenileme
,,,,8483,520,MIDDLE MARKET,D41,2024,30.04.2024,"598,90",Acente-Bireysel,9,1,Property,,,Yeni
,,,,8483,568,SMALL BUSINESS,M02,2024,30.04.2024,"399,27",Acente-Bireysel,9,1,Property Engineering Lines,,,Yeni
,,,,8483,560,SMALL BUSINESS,Y70,2024,30.04.2024,"0,00",Acente-Bireysel,9,1,Legal Expenses,,,Yeni
,,,,8483,523,SMALL BUSINESS,Y70,2024,30.04.2024,"0,00",Acente-Bireysel,9,1,Property,,,Yeni
,,,,8483,517,PERSONAL LINES,K60,2024,30.04.2024,"112191,49",Acente-Bireysel,9,1,Motor All Others,,,Yeni
,,,,8483,516,PERSONAL LINES,K60,2024,30.04.2024,"12465,72",Acente-Bireysel,9,1,Motor 3rd Party Liability,,,Yeni
,,,,8483,588,MIDDLE MARKET,F16,2024,30.04.2024,"199,63",Acente-Bireysel,9,1,Directors And Officers (incl. PTL/ EPL),,,Yeni
,,,,8483,524,MIDDLE MARKET,Y62,2024,30.04.2024,"0,00",Acente-Bireysel,9,1,Property,,,Yeni
,,,,8483,502,MIDDLE MARKET,Y62,2024,30.04.2024,"0,00",Acente-Bireysel,9,1,Property,,,Yeni
,,,,8483,521,SMALL BUSINESS,Y70,2024,30.04.2024,"0,00",Acente-Bireysel,9,1,Liability - Primary Products,,,Yeni
,,,,8483,592,MIDDLE MARKET,D42,2024,30.04.2024,"1597,08",Acente-Bireysel,9,1,Liability - Primary Products,,,Yeni
,,,,8483,502,SMALL BUSINESS,Y70,2024,30.04.2024,"0,00",Acente-Bireysel,9,1,Property,,,Yeni
,,,,8483,565,MIDDLE MARKET,M04,2024,30.04.2024,"9582,48",Acente-Bireysel,9,1,Property,,,Yeni
,,,,8483,998,SMALL BUSINESS,Y70,2024,30.04.2024,"0,00",Acente-Bireysel,9,1,Property,,,Yeni
,,,,8483,501,SMALL BUSINESS,Y70,2024,30.04.2024,"0,00",Acente-Bireysel,9,1,Property,,,Yeni
,,,,8483,572,MIDDLE MARKET,M04,2024,30.04.2024,"2794,89",Acente-Bireysel,9,1,Property Engineering Lines,,,Yeni
,,,,8483,524,SMALL BUSINESS,Y70,2024,30.04.2024,"0,00",Acente-Bireysel,9,1,Property,,,Yeni
,,,,8483,538,MIDDLE MARKET,F17,2024,30.04.2024,"2794,89",Acente-Bireysel,9,1,Professional Indemnity,,,Yeni
,,,,8483,521,MIDDLE MARKET,D42,2024,30.04.2024,"399,27",Acente-Bireysel,9,1,Liability - Primary Products,,,Yeni
,,,,8483,526,SMALL BUSINESS,Z02,2024,30.04.2024,"399,27",Acente-Bireysel,9,1,Liability - Primary Products,,,Yeni
,,,,8483,501,MIDDLE MARKET,Y62,2024,30.04.2024,"0,00",Acente-Bireysel,9,1,Property,,,Yeni
,,,,8483,571,SMALL BUSINESS,Y70,2024,30.04.2024,"0,00",Acente-Bireysel,9,1,Property Engineering Lines,,,Yeni
,,,,8483,990,PERSONAL LINES,DSK,2024,30.04.2024,"0,00",Acente-Bireysel,9,1,Property,,,Yeni
,,,,8483,568,SMALL BUSINESS,Y70,2024,30.04.2024,"0,00",Acente-Bireysel,9,1,Property Engineering Lines,,,Yeni
,,,,8483,501,MIDDLE MARKET,Y15,2024,30.04.2024,"199,63",Acente-Bireysel,9,1,Property,,,Yeni
,,,,8483,501,PERSONAL LINES,Y58,2024,30.04.2024,"0,00",Acente-Bireysel,9,1,Property,,,Yeni
,,,,8483,571,MIDDLE MARKET,M02,2024,30.04.2024,"399,27",Acente-Bireysel,9,1,Property Engineering Lines,,,Yeni
,,,,8483,510,MIDDLE MARKET,N21,2024,30.04.2024,"0,00",Acente-Bireysel,9,1,Marine Aviation & Transport,,,Yeni
,,,,8483,510,SMALL BUSINESS,N21,2024,30.04.2024,"0,00",Acente-Bireysel,9,1,Marine Aviation & Transport,,,Yeni
,,,,8483,565,SMALL BUSINESS,Y70,2024,30.04.2024,"0,00",Acente-Bireysel,9,1,Property,,,Yeni
,,,,8483,570,MIDDLE MARKET,M01,2024,30.04.2024,"399,27",Acente-Bireysel,9,1,Property Engineering Lines,,,Yeni
,,,,8483,510,PERSONAL LINES,N21,2024,30.04.2024,"0,00",Acente-Bireysel,9,1,Marine Aviation & Transport,,,Yeni
,,,,8483,520,SMALL BUSINESS,Y70,2024,30.04.2024,"0,00",Acente-Bireysel,9,1,Property,,,Yeni
,,,,8483,519,PERSONAL LINES,CF4,2024,30.04.2024,"199,63",Acente-Bireysel,9,1,Accident,,,Yeni
,,,,8483,516,PERSONAL LINES,K60,2024,30.04.2024,"33646,83",Acente-Bireysel,9,1,Motor 3rd Party Liability,,,Yenileme
,,,,8483,524,SMALL BUSINESS,Y70,2024,31.05.2024,"0,00",Acente-Bireysel,9,1,Property,,,Yeni
,,,,8483,572,MIDDLE MARKET,M04,2024,31.05.2024,"3766,34",Acente-Bireysel,9,1,Property Engineering Lines,,,Yeni
,,,,8483,501,MIDDLE MARKET,Y62,2024,31.05.2024,"0,00",Acente-Bireysel,9,1,Property,,,Yeni
,,,,8483,524,MIDDLE MARKET,Y62,2024,31.05.2024,"0,00",Acente-Bireysel,9,1,Property,,,Yeni
,,,,8483,592,MIDDLE MARKET,D42,2024,31.05.2024,"2152,19",Acente-Bireysel,9,1,Liability - Primary Products,,,Yeni
,,,,8483,517,PERSONAL LINES,K60,2024,31.05.2024,"211608,65",Acente-Bireysel,9,1,Motor All Others,,,Yenileme
,,,,8483,501,SMALL BUSINESS,Y70,2024,31.05.2024,"0,00",Acente-Bireysel,9,1,Property,,,Yeni
,,,,8483,571,SMALL BUSINESS,Y70,2024,31.05.2024,"0,00",Acente-Bireysel,9,1,Property Engineering Lines,,,Yeni
,,,,8483,560,SMALL BUSINESS,Y70,2024,31.05.2024,"0,00",Acente-Bireysel,9,1,Legal Expenses,,,Yeni
,,,,8483,998,SMALL BUSINESS,Y70,2024,31.05.2024,"0,00",Acente-Bireysel,9,1,Property,,,Yeni
,,,,8483,565,SMALL BUSINESS,Y70,2024,31.05.2024,"0,00",Acente-Bireysel,9,1,Property,,,Yeni
,,,,8483,565,MIDDLE MARKET,M04,2024,31.05.2024,"12913,15",Acente-Bireysel,9,1,Property,,,Yeni
,,,,8483,502,SMALL BUSINESS,Y70,2024,31.05.2024,"0,00",Acente-Bireysel,9,1,Property,,,Yeni
,,,,8483,588,MIDDLE MARKET,F16,2024,31.05.2024,"269,02",Acente-Bireysel,9,1,Directors And Officers (incl. PTL/ EPL),,,Yeni
,,,,8483,526,SMALL BUSINESS,Z02,2024,31.05.2024,"538,05",Acente-Bireysel,9,1,Liability - Primary Products,,,Yeni
,,,,8483,517,PERSONAL LINES,K60,2024,31.05.2024,"117801,06",Acente-Bireysel,9,1,Motor All Others,,,Yeni
,,,,8483,502,MIDDLE MARKET,Y62,2024,31.05.2024,"0,00",Acente-Bireysel,9,1,Property,,,Yeni
,,,,8483,516,PERSONAL LINES,K60,2024,31.05.2024,"23512,07",Acente-Bireysel,9,1,Motor 3rd Party Liability,,,Yenileme
,,,,8483,520,SMALL BUSINESS,Y70,2024,31.05.2024,"0,00",Acente-Bireysel,9,1,Property,,,Yeni
,,,,8483,570,MIDDLE MARKET,M01,2024,31.05.2024,"538,05",Acente-Bireysel,9,1,Property Engineering Lines,,,Yeni
,,,,8483,523,SMALL BUSINESS,Y70,2024,31.05.2024,"0,00",Acente-Bireysel,9,1,Property,,,Yeni
,,,,8483,510,PERSONAL LINES,N21,2024,31.05.2024,"0,00",Acente-Bireysel,9,1,Marine Aviation & Transport,,,Yeni
,,,,8483,538,MIDDLE MARKET,F17,2024,31.05.2024,"3766,34",Acente-Bireysel,9,1,Professional Indemnity,,,Yeni
,,,,8483,521,SMALL BUSINESS,Y70,2024,31.05.2024,"0,00",Acente-Bireysel,9,1,Liability - Primary Products,,,Yeni
,,,,8483,568,SMALL BUSINESS,M02,2024,31.05.2024,"538,05",Acente-Bireysel,9,1,Property Engineering Lines,,,Yeni
,,,,8483,520,MIDDLE MARKET,D41,2024,31.05.2024,"807,07",Acente-Bireysel,9,1,Property,,,Yeni
,,,,8483,501,PERSONAL LINES,Y58,2024,31.05.2024,"0,00",Acente-Bireysel,9,1,Property,,,Yeni
,,,,8483,510,MIDDLE MARKET,N21,2024,31.05.2024,"0,00",Acente-Bireysel,9,1,Marine Aviation & Transport,,,Yeni
,,,,8483,519,PERSONAL LINES,CF4,2024,31.05.2024,"269,02",Acente-Bireysel,9,1,Accident,,,Yeni
,,,,8483,510,SMALL BUSINESS,N21,2024,31.05.2024,"0,00",Acente-Bireysel,9,1,Marine Aviation & Transport,,,Yeni
,,,,8483,990,PERSONAL LINES,DSK,2024,31.05.2024,"0,00",Acente-Bireysel,9,1,Property,,,Yeni
,,,,8483,516,PERSONAL LINES,K60,2024,31.05.2024,"13089,01",Acente-Bireysel,9,1,Motor 3rd Party Liability,,,Yeni
,,,,8483,521,MIDDLE MARKET,D42,2024,31.05.2024,"538,05",Acente-Bireysel,9,1,Liability - Primary Products,,,Yeni
,,,,8483,501,MIDDLE MARKET,Y15,2024,31.05.2024,"269,02",Acente-Bireysel,9,1,Property,,,Yeni
,,,,8483,568,SMALL BUSINESS,Y70,2024,31.05.2024,"0,00",Acente-Bireysel,9,1,Property Engineering Lines,,,Yeni
,,,,8483,571,MIDDLE MARKET,M02,2024,31.05.2024,"538,05",Acente-Bireysel,9,1,Property Engineering Lines,,,Yeni
,,,,8483,990,PERSONAL LINES,DSK,2024,30.06.2024,"0,00",Acente-Bireysel,9,1,Property,,,Yeni
,,,,8483,592,MIDDLE MARKET,D42,2024,30.06.2024,"519,14",Acente-Bireysel,9,1,Liability - Primary Products,,,Yeni
,,,,8483,521,SMALL BUSINESS,Y70,2024,30.06.2024,"0,00",Acente-Bireysel,9,1,Liability - Primary Products,,,Yeni
,,,,8483,502,SMALL BUSINESS,Y70,2024,30.06.2024,"0,00",Acente-Bireysel,9,1,Property,,,Yeni
,,,,8483,517,PERSONAL LINES,K60,2024,30.06.2024,"123691,11",Acente-Bireysel,9,1,Motor All Others,,,Yeni
,,,,8483,526,SMALL BUSINESS,Z02,2024,30.06.2024,"129,78",Acente-Bireysel,9,1,Liability - Primary Products,,,Yeni
,,,,8483,520,MIDDLE MARKET,D41,2024,30.06.2024,"194,68",Acente-Bireysel,9,1,Property,,,Yeni
,,,,8483,572,MIDDLE MARKET,M04,2024,30.06.2024,"908,49",Acente-Bireysel,9,1,Property Engineering Lines,,,Yeni
,,,,8483,524,MIDDLE MARKET,Y62,2024,30.06.2024,"0,00",Acente-Bireysel,9,1,Property,,,Yeni
,,,,8483,501,PERSONAL LINES,Y58,2024,30.06.2024,"0,00",Acente-Bireysel,9,1,Property,,,Yeni
,,,,8483,501,MIDDLE MARKET,Y62,2024,30.06.2024,"0,00",Acente-Bireysel,9,1,Property,,,Yeni
,,,,8483,501,MIDDLE MARKET,Y15,2024,30.06.2024,"64,89",Acente-Bireysel,9,1,Property,,,Yeni
,,,,8483,521,MIDDLE MARKET,D42,2024,30.06.2024,"129,78",Acente-Bireysel,9,1,Liability - Primary Products,,,Yeni
,,,,8483,571,MIDDLE MARKET,M02,2024,30.06.2024,"129,78",Acente-Bireysel,9,1,Property Engineering Lines,,,Yeni
,,,,8483,520,SMALL BUSINESS,Y70,2024,30.06.2024,"0,00",Acente-Bireysel,9,1,Property,,,Yeni
,,,,8483,538,MIDDLE MARKET,F17,2024,30.06.2024,"908,49",Acente-Bireysel,9,1,Professional Indemnity,,,Yeni
,,,,8483,501,SMALL BUSINESS,Y70,2024,30.06.2024,"0,00",Acente-Bireysel,9,1,Property,,,Yeni
,,,,8483,502,MIDDLE MARKET,Y62,2024,30.06.2024,"0,00",Acente-Bireysel,9,1,Property,,,Yeni
,,,,8483,524,SMALL BUSINESS,Y70,2024,30.06.2024,"0,00",Acente-Bireysel,9,1,Property,,,Yeni
,,,,8483,565,SMALL BUSINESS,Y70,2024,30.06.2024,"0,00",Acente-Bireysel,9,1,Property,,,Yeni
,,,,8483,517,PERSONAL LINES,K60,2024,30.06.2024,"16053,84",Acente-Bireysel,9,1,Motor All Others,,,Yenileme
,,,,8483,588,MIDDLE MARKET,F16,2024,30.06.2024,"64,89",Acente-Bireysel,9,1,Directors And Officers (incl. PTL/ EPL),,,Yeni
,,,,8483,523,SMALL BUSINESS,Y70,2024,30.06.2024,"0,00",Acente-Bireysel,9,1,Property,,,Yeni
,,,,8483,571,SMALL BUSINESS,Y70,2024,30.06.2024,"0,00",Acente-Bireysel,9,1,Property Engineering Lines,,,Yeni
,,,,8483,510,SMALL BUSINESS,N21,2024,30.06.2024,"0,00",Acente-Bireysel,9,1,Marine Aviation & Transport,,,Yeni
,,,,8483,510,MIDDLE MARKET,N21,2024,30.06.2024,"0,00",Acente-Bireysel,9,1,Marine Aviation & Transport,,,Yeni
,,,,8483,516,PERSONAL LINES,K60,2024,30.06.2024,"13743,46",Acente-Bireysel,9,1,Motor 3rd Party Liability,,,Yeni
,,,,8483,560,SMALL BUSINESS,Y70,2024,30.06.2024,"0,00",Acente-Bireysel,9,1,Legal Expenses,,,Yeni
,,,,8483,516,PERSONAL LINES,K60,2024,30.06.2024,"1783,76",Acente-Bireysel,9,1,Motor 3rd Party Liability,,,Yenileme
,,,,8483,565,MIDDLE MARKET,M04,2024,30.06.2024,"3114,82",Acente-Bireysel,9,1,Property,,,Yeni
,,,,8483,998,SMALL BUSINESS,Y70,2024,30.06.2024,"0,00",Acente-Bireysel,9,1,Property,,,Yeni
,,,,8483,519,PERSONAL LINES,CF4,2024,30.06.2024,"64,89",Acente-Bireysel,9,1,Accident,,,Yeni
,,,,8483,568,SMALL BUSINESS,Y70,2024,30.06.2024,"0,00",Acente-Bireysel,9,1,Property Engineering Lines,,,Yeni
,,,,8483,510,PERSONAL LINES,N21,2024,30.06.2024,"0,00",Acente-Bireysel,9,1,Marine Aviation & Transport,,,Yeni
,,,,8483,570,MIDDLE MARKET,M01,2024,30.06.2024,"129,78",Acente-Bireysel,9,1,Property Engineering Lines,,,Yeni
,,,,8483,568,SMALL BUSINESS,M02,2024,30.06.2024,"129,78",Acente-Bireysel,9,1,Property Engineering Lines,,,Yeni
,,,,8483,510,MIDDLE MARKET,N21,2024,31.07.2024,"0,00",Acente-Bireysel,9,1,Marine Aviation & Transport,,,Yeni
,,,,8483,526,SMALL BUSINESS,Z02,2024,31.07.2024,"1977,61",Acente-Bireysel,9,1,Liability - Primary Products,,,Yeni
,,,,8483,520,MIDDLE MARKET,D41,2024,31.07.2024,"2966,42",Acente-Bireysel,9,1,Property,,,Yeni
,,,,8483,570,MIDDLE MARKET,M01,2024,31.07.2024,"1977,61",Acente-Bireysel,9,1,Property Engineering Lines,,,Yeni
,,,,8483,568,SMALL BUSINESS,M02,2024,31.07.2024,"1977,61",Acente-Bireysel,9,1,Property Engineering Lines,,,Yeni
,,,,8483,592,MIDDLE MARKET,D42,2024,31.07.2024,"7910,45",Acente-Bireysel,9,1,Liability - Primary Products,,,Yeni
,,,,8483,516,PERSONAL LINES,K60,2024,31.07.2024,"68946,86",Acente-Bireysel,9,1,Motor 3rd Party Liability,,,Yenileme
,,,,8483,517,PERSONAL LINES,K60,2024,31.07.2024,"129875,67",Acente-Bireysel,9,1,Motor All Others,,,Yeni
,,,,8483,501,MIDDLE MARKET,Y62,2024,31.07.2024,"0,00",Acente-Bireysel,9,1,Property,,,Yeni
,,,,8483,517,PERSONAL LINES,K60,2024,31.07.2024,"620521,76",Acente-Bireysel,9,1,Motor All Others,,,Yenileme
,,,,8483,565,SMALL BUSINESS,Y70,2024,31.07.2024,"11947,50",Acente-Bireysel,9,1,Property,,,Yeni
,,,,8483,501,MIDDLE MARKET,Y15,2024,31.07.2024,"988,81",Acente-Bireysel,9,1,Property,,,Yeni
,,,,8483,501,PERSONAL LINES,Y58,2024,31.07.2024,"1307,34",Acente-Bireysel,9,1,Property,,,Yeni
,,,,8483,571,SMALL BUSINESS,Y70,2024,31.07.2024,"11947,50",Acente-Bireysel,9,1,Property Engineering Lines,,,Yeni
,,,,8483,568,SMALL BUSINESS,Y70,2024,31.07.2024,"11947,50",Acente-Bireysel,9,1,Property Engineering Lines,,,Yeni
,,,,8483,521,MIDDLE MARKET,D42,2024,31.07.2024,"1977,61",Acente-Bireysel,9,1,Liability - Primary Products,,,Yeni
,,,,8483,516,PERSONAL LINES,K60,2024,31.07.2024,"14430,63",Acente-Bireysel,9,1,Motor 3rd Party Liability,,,Yeni
,,,,8483,998,SMALL BUSINESS,Y70,2024,31.07.2024,"5973,75",Acente-Bireysel,9,1,Property,,,Yeni
,,,,8483,565,MIDDLE MARKET,M04,2024,31.07.2024,"47462,72",Acente-Bireysel,9,1,Property,,,Yeni
,,,,8483,501,SMALL BUSINESS,Y70,2024,31.07.2024,"101553,77",Acente-Bireysel,9,1,Property,,,Yeni
,,,,8483,521,SMALL BUSINESS,Y70,2024,31.07.2024,"5973,75",Acente-Bireysel,9,1,Liability - Primary Products,,,Yeni
,,,,8483,538,MIDDLE MARKET,F17,2024,31.07.2024,"13843,29",Acente-Bireysel,9,1,Professional Indemnity,,,Yeni
,,,,8483,502,SMALL BUSINESS,Y70,2024,31.07.2024,"424136,32",Acente-Bireysel,9,1,Property,,,Yeni
,,,,8483,560,SMALL BUSINESS,Y70,2024,31.07.2024,"5973,75",Acente-Bireysel,9,1,Legal Expenses,,,Yeni
,,,,8483,524,SMALL BUSINESS,Y70,2024,31.07.2024,"5973,75",Acente-Bireysel,9,1,Property,,,Yeni
,,,,8483,519,PERSONAL LINES,CF4,2024,31.07.2024,"988,81",Acente-Bireysel,9,1,Accident,,,Yeni
,,,,8483,520,SMALL BUSINESS,Y70,2024,31.07.2024,"5973,75",Acente-Bireysel,9,1,Property,,,Yeni
,,,,8483,502,MIDDLE MARKET,Y62,2024,31.07.2024,"0,00",Acente-Bireysel,9,1,Property,,,Yeni
,,,,8483,571,MIDDLE MARKET,M02,2024,31.07.2024,"1977,61",Acente-Bireysel,9,1,Property Engineering Lines,,,Yeni
,,,,8483,510,SMALL BUSINESS,N21,2024,31.07.2024,"0,00",Acente-Bireysel,9,1,Marine Aviation & Transport,,,Yeni
,,,,8483,510,PERSONAL LINES,N21,2024,31.07.2024,"0,00",Acente-Bireysel,9,1,Marine Aviation & Transport,,,Yeni
,,,,8483,990,PERSONAL LINES,DSK,2024,31.07.2024,"0,00",Acente-Bireysel,9,1,Property,,,Yeni
,,,,8483,572,MIDDLE MARKET,M04,2024,31.07.2024,"13843,29",Acente-Bireysel,9,1,Property Engineering Lines,,,Yeni
,,,,8483,588,MIDDLE MARKET,F16,2024,31.07.2024,"988,81",Acente-Bireysel,9,1,Directors And Officers (incl. PTL/ EPL),,,Yeni
,,,,8483,524,MIDDLE MARKET,Y62,2024,31.07.2024,"0,00",Acente-Bireysel,9,1,Property,,,Yeni
,,,,8483,523,SMALL BUSINESS,Y70,2024,31.07.2024,"5973,75",Acente-Bireysel,9,1,Property,,,Yeni
,,,,8483,521,SMALL BUSINESS,Y70,2024,31.08.2024,"0,00",Acente-Bireysel,9,1,Liability - Primary Products,,,Yeni
,,,,8483,510,PERSONAL LINES,N21,2024,31.08.2024,"0,00",Acente-Bireysel,9,1,Marine Aviation & Transport,,,Yeni
,,,,8483,524,SMALL BUSINESS,Y70,2024,31.08.2024,"0,00",Acente-Bireysel,9,1,Property,,,Yeni
,,,,8483,560,SMALL BUSINESS,Y70,2024,31.08.2024,"0,00",Acente-Bireysel,9,1,Legal Expenses,,,Yeni
,,,,8483,571,MIDDLE MARKET,M02,2024,31.08.2024,"0,00",Acente-Bireysel,9,1,Property Engineering Lines,,,Yeni
,,,,8483,502,MIDDLE MARKET,Y62,2024,31.08.2024,"0,00",Acente-Bireysel,9,1,Property,,,Yeni
,,,,8483,526,SMALL BUSINESS,Z02,2024,31.08.2024,"0,00",Acente-Bireysel,9,1,Liability - Primary Products,,,Yeni
,,,,8483,538,MIDDLE MARKET,F17,2024,31.08.2024,"0,00",Acente-Bireysel,9,1,Professional Indemnity,,,Yeni
,,,,8483,520,MIDDLE MARKET,D41,2024,31.08.2024,"0,00",Acente-Bireysel,9,1,Property,,,Yeni
,,,,8483,516,PERSONAL LINES,K60,2024,31.08.2024,"15152,16",Acente-Bireysel,9,1,Motor 3rd Party Liability,,,Yeni
,,,,8483,501,MIDDLE MARKET,Y15,2024,31.08.2024,"0,00",Acente-Bireysel,9,1,Property,,,Yeni
,,,,8483,592,MIDDLE MARKET,D42,2024,31.08.2024,"0,00",Acente-Bireysel,9,1,Liability - Primary Products,,,Yeni
,,,,8483,571,SMALL BUSINESS,Y70,2024,31.08.2024,"0,00",Acente-Bireysel,9,1,Property Engineering Lines,,,Yeni
,,,,8483,520,SMALL BUSINESS,Y70,2024,31.08.2024,"0,00",Acente-Bireysel,9,1,Property,,,Yeni
,,,,8483,568,SMALL BUSINESS,Y70,2024,31.08.2024,"0,00",Acente-Bireysel,9,1,Property Engineering Lines,,,Yeni
,,,,8483,998,SMALL BUSINESS,Y70,2024,31.08.2024,"0,00",Acente-Bireysel,9,1,Property,,,Yeni
,,,,8483,572,MIDDLE MARKET,M04,2024,31.08.2024,"0,00",Acente-Bireysel,9,1,Property Engineering Lines,,,Yeni
,,,,8483,517,PERSONAL LINES,K60,2024,31.08.2024,"136369,45",Acente-Bireysel,9,1,Motor All Others,,,Yeni
,,,,8483,565,SMALL BUSINESS,Y70,2024,31.08.2024,"0,00",Acente-Bireysel,9,1,Property,,,Yeni
,,,,8483,501,SMALL BUSINESS,Y70,2024,31.08.2024,"0,00",Acente-Bireysel,9,1,Property,,,Yeni
,,,,8483,501,MIDDLE MARKET,Y62,2024,31.08.2024,"0,00",Acente-Bireysel,9,1,Property,,,Yeni
,,,,8483,568,SMALL BUSINESS,M02,2024,31.08.2024,"0,00",Acente-Bireysel,9,1,Property Engineering Lines,,,Yeni
,,,,8483,565,MIDDLE MARKET,M04,2024,31.08.2024,"0,00",Acente-Bireysel,9,1,Property,,,Yeni
,,,,8483,519,PERSONAL LINES,CF4,2024,31.08.2024,"0,00",Acente-Bireysel,9,1,Accident,,,Yeni
,,,,8483,521,MIDDLE MARKET,D42,2024,31.08.2024,"0,00",Acente-Bireysel,9,1,Liability - Primary Products,,,Yeni
,,,,8483,501,PERSONAL LINES,Y58,2024,31.08.2024,"0,00",Acente-Bireysel,9,1,Property,,,Yeni
,,,,8483,516,PERSONAL LINES,K60,2024,31.08.2024,"13133,43",Acente-Bireysel,9,1,Motor 3rd Party Liability,,,Yenileme
,,,,8483,990,PERSONAL LINES,DSK,2024,31.08.2024,"0,00",Acente-Bireysel,9,1,Property,,,Yeni
,,,,8483,510,MIDDLE MARKET,N21,2024,31.08.2024,"0,00",Acente-Bireysel,9,1,Marine Aviation & Transport,,,Yeni
,,,,8483,588,MIDDLE MARKET,F16,2024,31.08.2024,"0,00",Acente-Bireysel,9,1,Directors And Officers (incl. PTL/ EPL),,,Yeni
,,,,8483,570,MIDDLE MARKET,M01,2024,31.08.2024,"0,00",Acente-Bireysel,9,1,Property Engineering Lines,,,Yeni
,,,,8483,517,PERSONAL LINES,K60,2024,31.08.2024,"118200,87",Acente-Bireysel,9,1,Motor All Others,,,Yenileme
,,,,8483,524,MIDDLE MARKET,Y62,2024,31.08.2024,"0,00",Acente-Bireysel,9,1,Property,,,Yeni
,,,,8483,510,SMALL BUSINESS,N21,2024,31.08.2024,"0,00",Acente-Bireysel,9,1,Marine Aviation & Transport,,,Yeni
,,,,8483,502,SMALL BUSINESS,Y70,2024,31.08.2024,"0,00",Acente-Bireysel,9,1,Property,,,Yeni
,,,,8483,523,SMALL BUSINESS,Y70,2024,31.08.2024,"0,00",Acente-Bireysel,9,1,Property,,,Yeni
,,,,8483,501,SMALL BUSINESS,Y70,2024,30.09.2024,"0,00",Acente-Bireysel,9,1,Property,,,Yeni
,,,,8483,502,SMALL BUSINESS,Y70,2024,30.09.2024,"0,00",Acente-Bireysel,9,1,Property,,,Yeni
,,,,8483,517,PERSONAL LINES,K60,2024,30.09.2024,"143187,93",Acente-Bireysel,9,1,Motor All Others,,,Yeni
,,,,8483,501,PERSONAL LINES,Y58,2024,30.09.2024,"0,00",Acente-Bireysel,9,1,Property,,,Yeni
,,,,8483,565,SMALL BUSINESS,Y70,2024,30.09.2024,"0,00",Acente-Bireysel,9,1,Property,,,Yeni
,,,,8483,524,SMALL BUSINESS,Y70,2024,30.09.2024,"0,00",Acente-Bireysel,9,1,Property,,,Yeni
,,,,8483,516,PERSONAL LINES,K60,2024,30.09.2024,"15909,77",Acente-Bireysel,9,1,Motor 3rd Party Liability,,,Yeni
,,,,8483,570,MIDDLE MARKET,M01,2024,30.09.2024,"98,53",Acente-Bireysel,9,1,Property Engineering Lines,,,Yeni
,,,,8483,592,MIDDLE MARKET,D42,2024,30.09.2024,"394,12",Acente-Bireysel,9,1,Liability - Primary Products,,,Yeni
,,,,8483,572,MIDDLE MARKET,M04,2024,30.09.2024,"689,70",Acente-Bireysel,9,1,Property Engineering Lines,,,Yeni
,,,,8483,520,SMALL BUSINESS,Y70,2024,30.09.2024,"0,00",Acente-Bireysel,9,1,Property,,,Yeni
,,,,8483,538,MIDDLE MARKET,F17,2024,30.09.2024,"689,70",Acente-Bireysel,9,1,Professional Indemnity,,,Yeni
,,,,8483,571,MIDDLE MARKET,M02,2024,30.09.2024,"98,53",Acente-Bireysel,9,1,Property Engineering Lines,,,Yeni
,,,,8483,519,PERSONAL LINES,CF4,2024,30.09.2024,"49,26",Acente-Bireysel,9,1,Accident,,,Yeni
,,,,8483,524,MIDDLE MARKET,Y62,2024,30.09.2024,"0,00",Acente-Bireysel,9,1,Property,,,Yeni
,,,,8483,998,SMALL BUSINESS,Y70,2024,30.09.2024,"0,00",Acente-Bireysel,9,1,Property,,,Yeni
,,,,8483,568,SMALL BUSINESS,M02,2024,30.09.2024,"98,53",Acente-Bireysel,9,1,Property Engineering Lines,,,Yeni
,,,,8483,510,PERSONAL LINES,N21,2024,30.09.2024,"0,00",Acente-Bireysel,9,1,Marine Aviation & Transport,,,Yeni
,,,,8483,520,MIDDLE MARKET,D41,2024,30.09.2024,"147,79",Acente-Bireysel,9,1,Property,,,Yeni
,,,,8483,565,MIDDLE MARKET,M04,2024,30.09.2024,"2364,69",Acente-Bireysel,9,1,Property,,,Yeni
,,,,8483,502,MIDDLE MARKET,Y62,2024,30.09.2024,"0,00",Acente-Bireysel,9,1,Property,,,Yeni
,,,,8483,521,MIDDLE MARKET,D42,2024,30.09.2024,"98,53",Acente-Bireysel,9,1,Liability - Primary Products,,,Yeni
,,,,8483,510,SMALL BUSINESS,N21,2024,30.09.2024,"0,00",Acente-Bireysel,9,1,Marine Aviation & Transport,,,Yeni
,,,,8483,571,SMALL BUSINESS,Y70,2024,30.09.2024,"0,00",Acente-Bireysel,9,1,Property Engineering Lines,,,Yeni
,,,,8483,523,SMALL BUSINESS,Y70,2024,30.09.2024,"0,00",Acente-Bireysel,9,1,Property,,,Yeni
,,,,8483,516,PERSONAL LINES,K60,2024,30.09.2024,"36679,01",Acente-Bireysel,9,1,Motor 3rd Party Liability,,,Yenileme
,,,,8483,568,SMALL BUSINESS,Y70,2024,30.09.2024,"0,00",Acente-Bireysel,9,1,Property Engineering Lines,,,Yeni
,,,,8483,510,MIDDLE MARKET,N21,2024,30.09.2024,"0,00",Acente-Bireysel,9,1,Marine Aviation & Transport,,,Yeni
,,,,8483,501,MIDDLE MARKET,Y62,2024,30.09.2024,"0,00",Acente-Bireysel,9,1,Property,,,Yeni
,,,,8483,526,SMALL BUSINESS,Z02,2024,30.09.2024,"98,53",Acente-Bireysel,9,1,Liability - Primary Products,,,Yeni
,,,,8483,501,MIDDLE MARKET,Y15,2024,30.09.2024,"49,26",Acente-Bireysel,9,1,Property,,,Yeni
,,,,8483,560,SMALL BUSINESS,Y70,2024,30.09.2024,"0,00",Acente-Bireysel,9,1,Legal Expenses,,,Yeni
,,,,8483,990,PERSONAL LINES,DSK,2024,30.09.2024,"0,00",Acente-Bireysel,9,1,Property,,,Yeni
,,,,8483,517,PERSONAL LINES,K60,2024,30.09.2024,"330111,11",Acente-Bireysel,9,1,Motor All Others,,,Yenileme
,,,,8483,521,SMALL BUSINESS,Y70,2024,30.09.2024,"0,00",Acente-Bireysel,9,1,Liability - Primary Products,,,Yeni
,,,,8483,588,MIDDLE MARKET,F16,2024,30.09.2024,"49,26",Acente-Bireysel,9,1,Directors And Officers (incl. PTL/ EPL),,,Yeni
,,,,8483,510,MIDDLE MARKET,N21,2024,31.10.2024,"0,00",Acente-Bireysel,9,1,Marine Aviation & Transport,,,Yeni
,,,,8483,502,SMALL BUSINESS,Y70,2024,31.10.2024,"0,00",Acente-Bireysel,9,1,Property,,,Yeni
,,,,8483,517,PERSONAL LINES,K60,2024,31.10.2024,"150347,32",Acente-Bireysel,9,1,Motor All Others,,,Yeni
,,,,8483,592,MIDDLE MARKET,D42,2024,31.10.2024,"591,17",Acente-Bireysel,9,1,Liability - Primary Products,,,Yeni
,,,,8483,501,SMALL BUSINESS,Y70,2024,31.10.2024,"0,00",Acente-Bireysel,9,1,Property,,,Yeni
,,,,8483,501,MIDDLE MARKET,Y62,2024,31.10.2024,"0,00",Acente-Bireysel,9,1,Property,,,Yeni
,,,,8483,520,MIDDLE MARKET,D41,2024,31.10.2024,"221,69",Acente-Bireysel,9,1,Property,,,Yeni
,,,,8483,571,MIDDLE MARKET,M02,2024,31.10.2024,"147,79",Acente-Bireysel,9,1,Property Engineering Lines,,,Yeni
,,,,8483,510,PERSONAL LINES,N21,2024,31.10.2024,"0,00",Acente-Bireysel,9,1,Marine Aviation & Transport,,,Yeni
,,,,8483,990,PERSONAL LINES,DSK,2024,31.10.2024,"0,00",Acente-Bireysel,9,1,Property,,,Yeni
,,,,8483,568,SMALL BUSINESS,Y70,2024,31.10.2024,"0,00",Acente-Bireysel,9,1,Property Engineering Lines,,,Yeni
,,,,8483,502,MIDDLE MARKET,Y62,2024,31.10.2024,"0,00",Acente-Bireysel,9,1,Property,,,Yeni
,,,,8483,571,SMALL BUSINESS,Y70,2024,31.10.2024,"0,00",Acente-Bireysel,9,1,Property Engineering Lines,,,Yeni
,,,,8483,520,SMALL BUSINESS,Y70,2024,31.10.2024,"0,00",Acente-Bireysel,9,1,Property,,,Yeni
,,,,8483,560,SMALL BUSINESS,Y70,2024,31.10.2024,"0,00",Acente-Bireysel,9,1,Legal Expenses,,,Yeni
,,,,8483,521,MIDDLE MARKET,D42,2024,31.10.2024,"147,79",Acente-Bireysel,9,1,Liability - Primary Products,,,Yeni
,,,,8483,521,SMALL BUSINESS,Y70,2024,31.10.2024,"0,00",Acente-Bireysel,9,1,Liability - Primary Products,,,Yeni
,,,,8483,565,SMALL BUSINESS,Y70,2024,31.10.2024,"0,00",Acente-Bireysel,9,1,Property,,,Yeni
,,,,8483,998,SMALL BUSINESS,Y70,2024,31.10.2024,"0,00",Acente-Bireysel,9,1,Property,,,Yeni
,,,,8483,524,SMALL BUSINESS,Y70,2024,31.10.2024,"0,00",Acente-Bireysel,9,1,Property,,,Yeni
,,,,8483,524,MIDDLE MARKET,Y62,2024,31.10.2024,"0,00",Acente-Bireysel,9,1,Property,,,Yeni
,,,,8483,526,SMALL BUSINESS,Z02,2024,31.10.2024,"147,79",Acente-Bireysel,9,1,Liability - Primary Products,,,Yeni
,,,,8483,501,PERSONAL LINES,Y58,2024,31.10.2024,"0,00",Acente-Bireysel,9,1,Property,,,Yeni
,,,,8483,523,SMALL BUSINESS,Y70,2024,31.10.2024,"0,00",Acente-Bireysel,9,1,Property,,,Yeni
,,,,8483,519,PERSONAL LINES,CF4,2024,31.10.2024,"73,90",Acente-Bireysel,9,1,Accident,,,Yeni
,,,,8483,568,SMALL BUSINESS,M02,2024,31.10.2024,"147,79",Acente-Bireysel,9,1,Property Engineering Lines,,,Yeni
,,,,8483,588,MIDDLE MARKET,F16,2024,31.10.2024,"73,90",Acente-Bireysel,9,1,Directors And Officers (incl. PTL/ EPL),,,Yeni
,,,,8483,570,MIDDLE MARKET,M01,2024,31.10.2024,"147,79",Acente-Bireysel,9,1,Property Engineering Lines,,,Yeni
,,,,8483,516,PERSONAL LINES,K60,2024,31.10.2024,"16705,26",Acente-Bireysel,9,1,Motor 3rd Party Liability,,,Yeni
,,,,8483,516,PERSONAL LINES,K60,2024,31.10.2024,"5748,35",Acente-Bireysel,9,1,Motor 3rd Party Liability,,,Yenileme
,,,,8483,501,MIDDLE MARKET,Y15,2024,31.10.2024,"73,90",Acente-Bireysel,9,1,Property,,,Yeni
,,,,8483,510,SMALL BUSINESS,N21,2024,31.10.2024,"0,00",Acente-Bireysel,9,1,Marine Aviation & Transport,,,Yeni
,,,,8483,517,PERSONAL LINES,K60,2024,31.10.2024,"51735,13",Acente-Bireysel,9,1,Motor All Others,,,Yenileme
,,,,8483,565,MIDDLE MARKET,M04,2024,31.10.2024,"3547,04",Acente-Bireysel,9,1,Property,,,Yeni
,,,,8483,572,MIDDLE MARKET,M04,2024,31.10.2024,"1034,55",Acente-Bireysel,9,1,Property Engineering Lines,,,Yeni
,,,,8483,538,MIDDLE MARKET,F17,2024,31.10.2024,"1034,55",Acente-Bireysel,9,1,Professional Indemnity,,,Yeni
,,,,8483,592,MIDDLE MARKET,D42,2024,30.11.2024,"262,74",Acente-Bireysel,9,1,Liability - Primary Products,,,Yeni
,,,,8483,520,SMALL BUSINESS,Y70,2024,30.11.2024,"0,00",Acente-Bireysel,9,1,Property,,,Yeni
,,,,8483,510,MIDDLE MARKET,N21,2024,30.11.2024,"0,00",Acente-Bireysel,9,1,Marine Aviation & Transport,,,Yeni
,,,,8483,502,SMALL BUSINESS,Y70,2024,30.11.2024,"0,00",Acente-Bireysel,9,1,Property,,,Yeni
,,,,8483,990,PERSONAL LINES,DSK,2024,30.11.2024,"0,00",Acente-Bireysel,9,1,Property,,,Yeni
,,,,8483,570,MIDDLE MARKET,M01,2024,30.11.2024,"65,69",Acente-Bireysel,9,1,Property Engineering Lines,,,Yeni
,,,,8483,526,SMALL BUSINESS,Z02,2024,30.11.2024,"65,69",Acente-Bireysel,9,1,Liability - Primary Products,,,Yeni
,,,,8483,521,MIDDLE MARKET,D42,2024,30.11.2024,"65,69",Acente-Bireysel,9,1,Liability - Primary Products,,,Yeni
,,,,8483,510,PERSONAL LINES,N21,2024,30.11.2024,"0,00",Acente-Bireysel,9,1,Marine Aviation & Transport,,,Yeni
,,,,8483,524,MIDDLE MARKET,Y62,2024,30.11.2024,"0,00",Acente-Bireysel,9,1,Property,,,Yeni
,,,,8483,524,SMALL BUSINESS,Y70,2024,30.11.2024,"0,00",Acente-Bireysel,9,1,Property,,,Yeni
,,,,8483,998,SMALL BUSINESS,Y70,2024,30.11.2024,"0,00",Acente-Bireysel,9,1,Property,,,Yeni
,,,,8483,572,MIDDLE MARKET,M04,2024,30.11.2024,"459,80",Acente-Bireysel,9,1,Property Engineering Lines,,,Yeni
,,,,8483,501,MIDDLE MARKET,Y62,2024,30.11.2024,"0,00",Acente-Bireysel,9,1,Property,,,Yeni
,,,,8483,565,SMALL BUSINESS,Y70,2024,30.11.2024,"0,00",Acente-Bireysel,9,1,Property,,,Yeni
,,,,8483,565,MIDDLE MARKET,M04,2024,30.11.2024,"1576,46",Acente-Bireysel,9,1,Property,,,Yeni
,,,,8483,521,SMALL BUSINESS,Y70,2024,30.11.2024,"0,00",Acente-Bireysel,9,1,Liability - Primary Products,,,Yeni
,,,,8483,501,SMALL BUSINESS,Y70,2024,30.11.2024,"0,00",Acente-Bireysel,9,1,Property,,,Yeni
,,,,8483,523,SMALL BUSINESS,Y70,2024,30.11.2024,"0,00",Acente-Bireysel,9,1,Property,,,Yeni
,,,,8483,538,MIDDLE MARKET,F17,2024,30.11.2024,"459,80",Acente-Bireysel,9,1,Professional Indemnity,,,Yeni
,,,,8483,571,SMALL BUSINESS,Y70,2024,30.11.2024,"0,00",Acente-Bireysel,9,1,Property Engineering Lines,,,Yeni
,,,,8483,510,SMALL BUSINESS,N21,2024,30.11.2024,"0,00",Acente-Bireysel,9,1,Marine Aviation & Transport,,,Yeni
,,,,8483,571,MIDDLE MARKET,M02,2024,30.11.2024,"65,69",Acente-Bireysel,9,1,Property Engineering Lines,,,Yeni
,,,,8483,560,SMALL BUSINESS,Y70,2024,30.11.2024,"0,00",Acente-Bireysel,9,1,Legal Expenses,,,Yeni
,,,,8483,588,MIDDLE MARKET,F16,2024,30.11.2024,"32,84",Acente-Bireysel,9,1,Directors And Officers (incl. PTL/ EPL),,,Yeni
,,,,8483,501,PERSONAL LINES,Y58,2024,30.11.2024,"0,00",Acente-Bireysel,9,1,Property,,,Yeni
,,,,8483,517,PERSONAL LINES,K60,2024,30.11.2024,"157864,69",Acente-Bireysel,9,1,Motor All Others,,,Yeni
,,,,8483,517,PERSONAL LINES,K60,2024,30.11.2024,"56300,48",Acente-Bireysel,9,1,Motor All Others,,,Yenileme
,,,,8483,501,MIDDLE MARKET,Y15,2024,30.11.2024,"32,84",Acente-Bireysel,9,1,Property,,,Yeni
,,,,8483,519,PERSONAL LINES,CF4,2024,30.11.2024,"32,84",Acente-Bireysel,9,1,Accident,,,Yeni
,,,,8483,568,SMALL BUSINESS,M02,2024,30.11.2024,"65,69",Acente-Bireysel,9,1,Property Engineering Lines,,,Yeni
,,,,8483,502,MIDDLE MARKET,Y62,2024,30.11.2024,"0,00",Acente-Bireysel,9,1,Property,,,Yeni
,,,,8483,516,PERSONAL LINES,K60,2024,30.11.2024,"17540,52",Acente-Bireysel,9,1,Motor 3rd Party Liability,,,Yeni
,,,,8483,516,PERSONAL LINES,K60,2024,30.11.2024,"6255,61",Acente-Bireysel,9,1,Motor 3rd Party Liability,,,Yenileme
,,,,8483,568,SMALL BUSINESS,Y70,2024,30.11.2024,"0,00",Acente-Bireysel,9,1,Property Engineering Lines,,,Yeni
,,,,8483,520,MIDDLE MARKET,D41,2024,30.11.2024,"98,53",Acente-Bireysel,9,1,Property,,,Yeni
,,,,8483,565,MIDDLE MARKET,M04,2024,31.12.2024,"12544,59",Acente-Bireysel,9,1,Property,,,Yeni
,,,,8483,592,MIDDLE MARKET,D42,2024,31.12.2024,"2090,76",Acente-Bireysel,9,1,Liability - Primary Products,,,Yeni
,,,,8483,570,MIDDLE MARKET,M01,2024,31.12.2024,"522,69",Acente-Bireysel,9,1,Property Engineering Lines,,,Yeni
,,,,8483,520,SMALL BUSINESS,Y70,2024,31.12.2024,"0,00",Acente-Bireysel,9,1,Property,,,Yeni
,,,,8483,501,PERSONAL LINES,Y58,2024,31.12.2024,"0,00",Acente-Bireysel,9,1,Property,,,Yeni
,,,,8483,517,PERSONAL LINES,K60,2024,31.12.2024,"165757,92",Acente-Bireysel,9,1,Motor All Others,,,Yeni
,,,,8483,521,MIDDLE MARKET,D42,2024,31.12.2024,"522,69",Acente-Bireysel,9,1,Liability - Primary Products,,,Yeni
,,,,8483,588,MIDDLE MARKET,F16,2024,31.12.2024,"261,35",Acente-Bireysel,9,1,Directors And Officers (incl. PTL/ EPL),,,Yeni
,,,,8483,516,PERSONAL LINES,K60,2024,31.12.2024,"18417,55",Acente-Bireysel,9,1,Motor 3rd Party Liability,,,Yeni
,,,,8483,998,SMALL BUSINESS,Y70,2024,31.12.2024,"0,00",Acente-Bireysel,9,1,Property,,,Yeni
,,,,8483,521,SMALL BUSINESS,Y70,2024,31.12.2024,"0,00",Acente-Bireysel,9,1,Liability - Primary Products,,,Yeni
,,,,8483,501,MIDDLE MARKET,Y15,2024,31.12.2024,"261,35",Acente-Bireysel,9,1,Property,,,Yeni
,,,,8483,524,SMALL BUSINESS,Y70,2024,31.12.2024,"0,00",Acente-Bireysel,9,1,Property,,,Yeni
,,,,8483,571,SMALL BUSINESS,Y70,2024,31.12.2024,"0,00",Acente-Bireysel,9,1,Property Engineering Lines,,,Yeni
,,,,8483,523,SMALL BUSINESS,Y70,2024,31.12.2024,"0,00",Acente-Bireysel,9,1,Property,,,Yeni
,,,,8483,501,MIDDLE MARKET,Y62,2024,31.12.2024,"0,00",Acente-Bireysel,9,1,Property,,,Yeni
,,,,8483,524,MIDDLE MARKET,Y62,2024,31.12.2024,"0,00",Acente-Bireysel,9,1,Property,,,Yeni
,,,,8483,990,PERSONAL LINES,DSK,2024,31.12.2024,"0,00",Acente-Bireysel,9,1,Property,,,Yeni
,,,,8483,501,SMALL BUSINESS,Y70,2024,31.12.2024,"0,00",Acente-Bireysel,9,1,Property,,,Yeni
,,,,8483,538,MIDDLE MARKET,F17,2024,31.12.2024,"3658,84",Acente-Bireysel,9,1,Professional Indemnity,,,Yeni
,,,,8483,572,MIDDLE MARKET,M04,2024,31.12.2024,"3658,84",Acente-Bireysel,9,1,Property Engineering Lines,,,Yeni
,,,,8483,526,SMALL BUSINESS,Z02,2024,31.12.2024,"522,69",Acente-Bireysel,9,1,Liability - Primary Products,,,Yeni
,,,,8483,510,MIDDLE MARKET,N21,2024,31.12.2024,"0,00",Acente-Bireysel,9,1,Marine Aviation & Transport,,,Yeni
,,,,8483,517,PERSONAL LINES,K60,2024,31.12.2024,"33912,43",Acente-Bireysel,9,1,Motor All Others,,,Yenileme
,,,,8483,520,MIDDLE MARKET,D41,2024,31.12.2024,"784,04",Acente-Bireysel,9,1,Property,,,Yeni
,,,,8483,568,SMALL BUSINESS,Y70,2024,31.12.2024,"0,00",Acente-Bireysel,9,1,Property Engineering Lines,,,Yeni
,,,,8483,560,SMALL BUSINESS,Y70,2024,31.12.2024,"0,00",Acente-Bireysel,9,1,Legal Expenses,,,Yeni
,,,,8483,502,MIDDLE MARKET,Y62,2024,31.12.2024,"0,00",Acente-Bireysel,9,1,Property,,,Yeni
,,,,8483,510,SMALL BUSINESS,N21,2024,31.12.2024,"0,00",Acente-Bireysel,9,1,Marine Aviation & Transport,,,Yeni
,,,,8483,510,PERSONAL LINES,N21,2024,31.12.2024,"0,00",Acente-Bireysel,9,1,Marine Aviation & Transport,,,Yeni
,,,,8483,571,MIDDLE MARKET,M02,2024,31.12.2024,"522,69",Acente-Bireysel,9,1,Property Engineering Lines,,,Yeni
,,,,8483,568,SMALL BUSINESS,M02,2024,31.12.2024,"522,69",Acente-Bireysel,9,1,Property Engineering Lines,,,Yeni
,,,,8483,519,PERSONAL LINES,CF4,2024,31.12.2024,"261,35",Acente-Bireysel,9,1,Accident,,,Yeni
,,,,8483,516,PERSONAL LINES,K60,2024,31.12.2024,"3768,05",Acente-Bireysel,9,1,Motor 3rd Party Liability,,,Yenileme
,,,,8483,565,SMALL BUSINESS,Y70,2024,31.12.2024,"0,00",Acente-Bireysel,9,1,Property,,,Yeni
,,,,8483,502,SMALL BUSINESS,Y70,2024,31.12.2024,"0,00",Acente-Bireysel,9,1,Property,,,Yeni